,appId,title,score,rating,review,install,developer,dev_email,dev_web,release
0,baligov.ptsp.ekartupengawasankendaraan,E-Kartu Pengawasan PTSP Bali,4.848485,33,12,3500,Dinas Penanaman Modal dan PTSP Prov. Bali,dptspbali@gmail.com,http://dpmptsp.baliprov.go.id/,
1,baliprov.biroumpro.eoffice,E-Office Pemprov. Bali,4.8,5,2,777,Biro Umum dan Protokol Setda Prov. Bali,umumprotokolbali@gmail.com,https://eoffice.baliprov.go.id,
2,baliprov.diskominfos.absensi,error,error,error,error,error,error,error,error,error
3,baliprov.diskominfos.absensiopd,error,error,error,error,error,error,error,error,error
4,baliprov.diskominfos.antrean,Antrean,4.2,5,1,291,Diskominfos Provinsi Bali,diskominfos@baliprov.go.id,https://lovebali.baliprov.go.id,
5,baliprov.diskominfos.antreanfaskes,Antrean Faskes,0,0,0,134,Diskominfos Provinsi Bali,diskominfos@baliprov.go.id,https://lovebali.baliprov.go.id/,
6,baliprov.diskominfos.hmc,Bali Media Center,4.1973686,76,36,12271,Diskominfos Provinsi Bali,baliprovdiskominfos@gmail.com,https://diskominfos.baliprov.go.id/,
7,baliprov.diskominfos.lovebali,Love Bali,3.3061225,49,27,15150,Diskominfos Provinsi Bali,lovebali@baliprov.go.id,https://diskominfos.baliprov.go.id/,
8,baliprov.diskominfos.lovebaliendpoint,Love Bali Endpoint,0,0,0,95,Diskominfos Provinsi Bali,diskominfos@baliprov.go.id,https://diskominfos.baliprov.go.id/,
9,baliprov.diskominfos.madeinbali,Made in Bali,0,0,0,6,Diskominfos Provinsi Bali,dekyuda65@gmail.com,https://madeinbali.baliprov.go.id/,
10,com.winterscall.sikkbsmobile,Krama Bali Sehat,0,0,0,170,Diskominfos Provinsi Bali,agusdwinugraha@icloud.com,http://sundeproject.com,
11,com.sambat.banten,SAMBAT - SAMSAT BANTEN HEBAT,1.3381642,2000,1576,240500,Bapenda Provinsi Banten,edpbapenda@gmail.com,http://bapenda.bantenprov.go.id,"May 15, 2019"
12,id.go.bantenprov.epormas.epormas,Tiara Banten,0,0,0,49,CyberMedia.Co.Id,solusi@cybermedia.co.id,http://www.cybermedia.co.id,
13,com.sambat.banten,SAMBAT - SAMSAT BANTEN HEBAT,1.3381642,2000,1576,240500,Bapenda Provinsi Banten,edpbapenda@gmail.com,http://bapenda.bantenprov.go.id,"May 15, 2019"
14,com.diskominfo_prov_bengkulu.e_presensimobileprovinsibengkulu,E-Presensi Mobile Provinsi Bengkulu,0,0,0,146,eGov BengkuluProv,egovernment.bengkuluprov@gmail.com,,"Jun 21, 2021"
15,com.dprdbungo.jdihdprdbengkuluutara,JDIH DPRD BENGKULU UTARA,5,5,2,75,Romasyaf Group,jdih@dprd-bengkuluutarakab.go.id,http://dprd-bengkuluutarakab.go.id/,"Jan 18, 2020"
16,com.ppdbsmanbengkulu.usp,PPDB SMA-SMK N Prov Bengkulu,2.7027028,37,27,3855,Uspatih Studio,infoppdb@provbengkulu.com,http://ppdb.provbengkulu.com,"May 18, 2019"
17,com.diskominfo_prov_bengkulu.e_presensimobileprovinsibengkulu,E-Presensi Mobile Provinsi Bengkulu,0,0,0,146,eGov BengkuluProv,egovernment.bengkuluprov@gmail.com,,"Jun 21, 2021"
18,com.diskominfo_prov_bengkulu.bengkuluprovmobile,Bengkuluprov Mobile,0,0,0,2,eGov BengkuluProv,egovernment.bengkuluprov@gmail.com,,"Aug 8, 2021"
19,com.olongia.provgtlo.surag,Disposisi Digital,,,,30,Gorontalo,kursormultidata01@gmail.com,http://kursor.id,
20,com.wPPIDBawasluGorontalo_13335111,PPID Bawaslu Kab. Gorontalo,5,25,24,45,nynadynasir,ickha.arthal@gmail.com,,"Mar 5, 2021"
21,id.go.gorontaloprov.siransija,e-Siransija,4.257426,348,139,14844,Data Center Provinsi Gorontalo,kominfostatistik@gorontaloprov.go.id,https://kominfostatistik.gorontaloprov.go.id/,
22,id.go.gorontaloprov.tte,Tanda Tangan Elektronik - Provinsi Gorontalo,0,0,0,367,Data Center Provinsi Gorontalo,developer@gorontaloprov.go.id,https://tte.gorontaloprov.go.id,
23,nobodyjr.com.bsgiteb.esamsatgto,e-SAMSAT Gorontalo,2.16,107,87,12174,PT. Bank SulutGo,divisicorsec@banksulutgo.co.id,http://www.banksulutgo.co.id,
24,com.olongia.provgtlo.surag,Disposisi Digital,,,,30,Gorontalo,kursormultidata01@gmail.com,http://kursor.id,
25,com.pura.argorontalo,AR Gorontalo,0,0,0,100,Total Security System 02,rndtss02@gmail.com,https://www.puragroup.com/,
26,com.jakartacctv,CCTV Jakarta Online,3.73,226,119,45365,JNN Dev,kodeanku@gmail.com,http://jinani.net/,"Feb 6, 2020"
27,com.saranajaya.samawa,SAMAWA DP 0,4.6981134,2085,1201,129305,Perumda Sarana Jaya,info.pondokkelapa@nuansa.sarana-jaya.co.id,https://nuansa.sarana-jaya.co.id,"Feb 14, 2020"
28,hagemaruf.wasnakerdki.suket,SUKET K3 DKI Jakarta,0,0,0,74,Disnaker DKI Jakarta,hagemaruf@gmail.com,https://351dki.com/suket,"Jul 28, 2020"
29,id.dasawisma.android,Carik Jakarta,4.6173186,3584,1337,164670,Dinas PPAPP dan TP-PKK Provinsi DKI Jakarta,dppapp@jakarta.go.id,http://carik.jakarta.go.id,"Sep 26, 2019"
30,id.go.jakarta.dinkes.esehatjakarta,e-Sehat Dinas Kesehatan DKI Jakarta,5,6,2,489,Dinas Kesehatan Provinsi DKI Jakarta,datin.dinkesdki@gmail.com,http://dinkes.jakarta.go.id,"Mar 25, 2018"
31,id.go.jakarta.pelayanan.lacakberkas,Lacak Berkas,4.19,123,57,16776,Abrar,rvng.bstrd@gmail.com,http://ptsp.jakarta.go.id,"Aug 23, 2017"
32,id.go.jakarta.dinkes.esehatjakarta,e-Sehat Dinas Kesehatan DKI Jakarta,5,6,2,489,Dinas Kesehatan Provinsi DKI Jakarta,datin.dinkesdki@gmail.com,http://dinkes.jakarta.go.id,"Mar 25, 2018"
33,com.puskesmascilandak.e_jiwa,e-Jiwa,4.0491805,61,29,11030,Dinas Kesehatan Provinsi DKI Jakarta,datin.dinkesdki@gmail.com,http://dinkes.jakarta.go.id,"Dec 2, 2018"
34,hagemaruf.disnaker.sinta,SINTA WasnakerDKI,0,0,0,14,Disnaker DKI Jakarta,hagemaruf@gmail.com,https://351dki.com/sinta,"Aug 10, 2020"
35,appinventor.ai_radiodisdik.RadioDIsdikDKI,RadioDisdikDKI,4.65,20,9,3788,DINAS PENDIDIKAN DKI JAKARTA,pusdatikomdik@gmail.com,http://disdik.jakarta.go.id,"Mar 6, 2019"
36,com.disdik.ide,ID.e,4.7222223,36,22,2951,DINAS PENDIDIKAN DKI JAKARTA,pusdatikomdik@gmail.com,https://disdik.jakarta.go.id/,
37,id.go.jakarta.smartcity.jaki,JAKI - Jakarta Kini,3.5298295,6793,3328,1645509,Pemprov DKI Jakarta,jakismartcity@jakarta.go.id,https://jaki.jakarta.go.id/,
38,id.go.jakarta.eoffice,eOffice Pemprov DKI Jakarta,4.4583335,24,10,2971,Pemprov DKI Jakarta,diskominfomas.sim@gmail.com,https://eoffice.jakarta.go.id,"May 22, 2019"
39,com.jsc.crmmobile,CRM - Perangkat Daerah Pemprov DKI Jakarta App,3.8492064,1264,519,47366,Pemprov DKI Jakarta,smartcityjakarta@gmail.com,http://www.jakarta.go.id,
40,id.go.jakarta.pajakonline.mobile,Pajak Online DKI Jakarta,2.16,1005,639,258227,Pemprov DKI Jakarta,pajak.ti@jakarta.go.id,https://pajakonline.jakarta.go.id,
41,com.jsc.crmmobilev2,CRMv2 - Perangkat Daerah Pemprov DKI Jakarta Apps,4.46,50,26,5545,Pemprov DKI Jakarta,smartcityjakarta@gmail.com,,
42,com.bapenda.mobilespd,SmarTax,3.1960785,102,62,13675,Pemprov DKI Jakarta,pajakdki.ti@gmail.com,https://bprd.jakarta.go.id/sensus,
43,com.ionicframework.bprd423500,Bapenda Mobile,3.41,112,47,23394,Pemprov DKI Jakarta,pajakdki.ti@gmail.com,https://bapenda.jakarta.go.id/,
44,com.dprkp.rusun,SIRUKIM Provinsi DKI Jakarta,2.6534653,298,205,38310,DPRKP DKI Jakarta,sirukim.dinasperumahan@gmail.com,,
45,id.go.jakarta.smartcity.absencymonitoring,Monitoring Absensi,3.9189188,37,19,4203,Pemprov DKI Jakarta,smartcityjakarta@gmail.com,http://www.jakarta.go.id,
46,com.nagabendu.jaksiape,JAKSIAPE,4.888889,9,1,897,Pemprov DKI Jakarta,parkiranjakarta@gmail.com,,
47,com.disdukcapildki.alpukat,Alpukat Betawi,3.660177,5438,3521,546670,Dinas Dukcapil Provinsi DKI Jakarta,raditdkpsdki@gmail.com,https://alpukat-dukcapil.jakarta.go.id/,
48,id.go.jakarta.jakpreneur,JakPreneur,2.8297873,47,33,4724,Pemprov DKI Jakarta,diskominfomas.sim@gmail.com,https://pkt.jakarta.go.id,
49,id.co.cartenz.jktqrenduser.androprod2,Jejak@JAKI,4.5308642,81,33,14110,Pemprov DKI Jakarta,halo@jejakapp.id,,
50,com.pkk.dki,Aplikasi Pendataan Dasawisma Provinsi DKI Jakarta,3.5663266,1946,1114,125040,"Dinas Cipta Karya, Tata Ruang & Pertanahan Jakarta",dinas_cktrp@jakarta.go.id,https://jakartasatu.jakarta.go.id/dasawisma,
51,com.nannoe.android.kehutanandki,Kehutanan DKI Jakarta,4.321429,28,13,2366,nannoe,info@nannoe.com,http://nannoe.com,"Apr 1, 2019"
52,id.go.jakarta.sisappra,SISAPPRA - Sistem Informasi Satpol PP DKI Jakarta,4.285714,14,6,950,Pemprov DKI Jakarta,satpolpp@jakarta.go.id,https://sisappra-satpolpp.jakarta.go.id/dki/sisappra/#/login,
53,id.bigio.jakarta.ppid,PPID Jakarta,0,0,0,870,PPID Provinsi DKI Jakarta,ppiddkijakarta@gmail.com,,
54,id.bigio.beritajakarta,Berita Jakarta,4.5849056,53,16,3473,Berita Jakarta,beritajakartadotcom@gmail.com,http://www.beritajakarta.id,"Oct 19, 2017"
55,id.ekir.booking,eKIR Jakarta - Booking,3.345912,3187,1643,176182,KIR DISHUB DKI,ekirdishubdki@gmail.com,http://kir.jakarta.go.id,
56,id.kirjkt.sidamonpkb,SI-DAMON PKB DKI Jakarta,4.2105265,19,5,1726,KIR DISHUB DKI,ekirdishubdki@gmail.com,http://www.e-kirdishubdki.web.id,
57,hidup.lingkungan.dinas.layanansampah,Layanan Sampah Jakarta,0,0,0,662,Pemprov DKI Jakarta,smartcityjakarta@gmail.com,http://www.jakarta.go.id,
58,id.buddyguard.OKOsafe,Jakarta Aman,4.372549,393,257,20869,"INDONESIA LEBIH AMAN, PT",cs@buddy-guard.co,https://www.jakarta-aman.app,
59,dki.id.petsi,JAIS - Jakarta Animal Identification System,0,0,0,129,Pemprov DKI Jakarta,keswandki@gmail.com,http://jais.jakarta.go.id,
60,com.nagabendu.bprd,SiJampang BPRD DKI Jakarta,0,0,0,38,Nagabendu Technologies,cs.nagabendu@gmail.com,http://bprd.jakarta.go.id,
61,id.ekir.dkiqrcode,Cek KIR Jakarta,3.35,800,254,83571,KIR DISHUB DKI,ekirdishubdki@gmail.com,http://kir.jakarta.go.id,
62,dinas.lh.pengemudi,Pengemudi Sampah,3.3333333,6,5,789,Pemprov DKI Jakarta,smartcityjakarta@gmail.com,http://www.jakarta.go.id,
63,go.id.jambiprov.nakertrans.sibakol,Sibakol,0,0,0,296,Disnakertrans Provinsi Jambi,disnakertranjambi@gmail.com,http://nakertrans.jambiprov.go.id/,"Sep 14, 2020"
64,com.bappeda.e_sibuk_bangat,SIBUK BANGAT,0,0,0,68,BAPPEDA PROVINSI JAMBI,eoffice.bappeda.provjambi@gmail.com,https://bappeda-provjambi.net,"Jan 26, 2020"
65,com.bappeda.mypidato,E-Pidato,0,0,0,4,BAPPEDA PROVINSI JAMBI,eoffice.bappeda.provjambi@gmail.com,https://e-pidato.bappeda-provjambi.net,"Dec 20, 2020"
66,go.id.jambiprov.nakertrans.sibakol,Sibakol,0,0,0,296,Disnakertrans Provinsi Jambi,disnakertranjambi@gmail.com,http://nakertrans.jambiprov.go.id/,"Sep 14, 2020"
67,com.motorola.camera2,Moto Camera 2,3.3834383,84988,40331,147400183,Motorola Mobility LLC.,playstor@motorola.com,http://www.motorola.com,"Jul 25, 2017"
68,com.nativebase,JDIH JABAR,4,5,1,431,Biro Hukum dan HAM Provinsi Jawa Barat,benyruhiman@gmail.com,http://jdih.jabarprov.go.id,"Aug 12, 2018"
69,com.sapawarga.jds,Sapawarga,4.113333,3004,1745,204933,Pemerintah Provinsi Jawa Barat,diskominfo@jabarprov.go.id,http://diskominfo.jabarprov.go.id,"Jun 17, 2019"
70,com.sicantik.simpatikjabar,Simpatik Perizinan Jawa Barat,4.36,25,17,2644,Alfiys.group,dpmptsp@jabarprov.go.id,https://dpmptsp.jabarprov.go.id/,"Sep 4, 2019"
71,com.wPerwakilanProvinsiJawaBarat,Perwakilan Provinsi Jawa Barat,3.8,10,6,1377,Pemerintah Provinsi Jawa Barat,official.jabarprov@gmail.com,http://jabarprov.go.id,"Jul 22, 2015"
72,dpmptsp.jabarprov.go.id.dpmptspjabarinternal,EUIS CANTIK,5,11,10,135,Alfiys.group,pamudi1971@gmail.com,https://dpmptsp.jabarprov.go.id/,"Jul 21, 2020"
73,gov.bdg.pusicovbandung,PUSICOV Bandung,4.457143,70,33,9571,Diskominfo Kota Bandung,dev.diskominfobdg@gmail.com,https://covid19.bandung.go.id/,"Oct 15, 2020"
74,id.go.jabarprov.pikobar,PIKOBAR Jawa Barat,4.142857,9282,4130,957898,Pemerintah Provinsi Jawa Barat,diskominfo@jabarprov.go.id,https://pikobar.jabarprov.go.id/,"Mar 16, 2020"
75,id.go.bapenda.sambara,SAMBARA,3.8764558,19731,10539,3862879,Puslia Bapenda Provinsi Jawa Barat,puslia168@gmail.com,http://bapenda.jabarprov.go.id,"Mar 21, 2021"
76,com.sicantik.simpatikjabar,Simpatik Perizinan Jawa Barat,4.36,25,17,2644,Alfiys.group,dpmptsp@jabarprov.go.id,https://dpmptsp.jabarprov.go.id/,"Sep 4, 2019"
77,com.wPerwakilanProvinsiJawaBarat,Perwakilan Provinsi Jawa Barat,3.8,10,6,1377,Pemerintah Provinsi Jawa Barat,official.jabarprov@gmail.com,http://jabarprov.go.id,"Jul 22, 2015"
78,ideotekno.app.infocoop,Info Coop,0,0,0,155,Pemerintah Provinsi Jawa Barat,dinaskukjabar@gmail.com,http://diskuk.jabarprov.go.id,"Feb 28, 2020"
79,com.sapawarga.jds,Sapawarga,4.113333,3004,1745,204933,Pemerintah Provinsi Jawa Barat,diskominfo@jabarprov.go.id,http://diskominfo.jabarprov.go.id,"Jun 17, 2019"
80,dpmptsp.jabarprov.go.id.dpmptspjabarinternal,EUIS CANTIK,5,11,10,135,Alfiys.group,pamudi1971@gmail.com,https://dpmptsp.jabarprov.go.id/,"Jul 21, 2020"
81,com.nativebase,JDIH JABAR,4,5,1,431,Biro Hukum dan HAM Provinsi Jawa Barat,benyruhiman@gmail.com,http://jdih.jabarprov.go.id,"Aug 12, 2018"
82,com.ino.bpbd,BPBD Jawa Tengah,4.888889,18,12,652,Lab Riset D2F,d2fudinus@gmail.com,http://dmi-kotasemarang.dinus.ac.id/,"Jul 10, 2019"
83,jatengprov.perhubungan.alip,ALIP,4.08,75,52,9941,Dinas Perhubungan Provinsi Jawa tengah,perhubungan@jatengprov.go.id,http://www.perhubungan.jatengprov.go.id/,"Oct 29, 2018"
84,com.sigubjateng.kpujateng,SiGUB Jateng,4.324324,37,21,2929,KPU Provinsi Jawa Tengah,kpujateng@gmail.com,http://kpu-jatengprov.go.id,"Aug 27, 2017"
85,jatengprov.perhubungan.tiketkmckartini,Tiket KMC Kartini,0,0,0,24,Dinas Perhubungan Provinsi Jawa tengah,perhubungan@jatengprov.go.id,http://kmckartini.perhubungan.jatengprov.go.id/,"Sep 25, 2019"
86,jatengprov.perhubungan.ajaktertib,Ajak Tertib,3.5,6,3,112,Dinas Perhubungan Provinsi Jawa tengah,perhubungan@jatengprov.go.id,http://www.perhubungan.jatengprov.go.id/,"Nov 20, 2018"
87,id.go.jatimprov.dinkes.ppid,PPID Dinkes Jatim,5,10,0,254,Dinas Kesehatan Provinsi Jawa Timur,infolitbangkes.jatim@gmail.com,,"Aug 6, 2020"
88,lapantiga.bppauddikmas,Balai Center BP-PAUD dan Dikmas Jatim,4.3333335,12,6,784,BP-PAUD dan Dikmas Jatim,pauddikmasjatim@kemdikbud.go.id,http://pauddikmasjatim.kemdikbud.go.id/,"Jul 17, 2019"
89,id.go.jatimprov.dinkes,BUAIAN,0,0,0,79,Dinas Kesehatan Provinsi Jawa Timur,infolitbangkes.jatim@gmail.com,http://dinkes.jatimprov.go.id,"Sep 18, 2019"
90,lapantiga.bppauddikmas,Balai Center BP-PAUD dan Dikmas Jatim,4.3333335,12,6,784,BP-PAUD dan Dikmas Jatim,pauddikmasjatim@kemdikbud.go.id,http://pauddikmasjatim.kemdikbud.go.id/,"Jul 17, 2019"
91,gov.id.disperindag.android_app,Disperindag Jatim,0,0,0,282,Disperindag Jatim,disperindagjatim@gmail.com,http://disperindag.jatimprov.go.id/,"Oct 30, 2017"
92,pemprovkalbar.android.antrian,Samsat Kalbar,4.537736,128,89,25618,PemprovKalbar,pemprovkalbar@gmail.com,,
93,com.adpim.kalbarprov,SIAP KALBAR,5,6,4,73,Biro ADPIM SETDA Provinsi Kalbar,adpim@kalbarprov.go.id,https://adpim.kalbarprov.go.id,
94,com.borneone.samsatkalbar2018,Samsat Pontianak,2.01,919,552,88549,Samsat Kal-Bar,samsatpontianak@gmail.com,http://dispenda.pontianakkota.go.id/,
95,id.go.kalbarprov.smartsatpolpp,SATPOLPP SMART KALBAR,0,0,0,34,Pemerintah Provinsi Kalimantan Barat,hello@kalbarprov.go.id,https://kalbarprov.go.id,
96,id.go.kalbarprov.sikepo,SIKEPO KALBAR,0,0,0,20,Pemerintah Provinsi Kalimantan Barat,halo@disporapar.kalbarprov.go.id,https://disporapar.kalbarprov.go.id,"Feb 21, 2021"
97,go.id.esdm.kalbarprov,Dinas ESDM Kalbar,0,0,0,166,Biro ADPIM SETDA Provinsi Kalbar,distamben@kalbarprov.go.id,https://esdm.kalbarprov.go.id,
98,com.dekranasda.qriya,QRIYA KALBAR,0,0,0,15,Pemerintah Provinsi Kalimantan Barat,dekranasda.kb@gmail.com,https://qriya.kalbarprov.go.id,
99,or.id.lptqkalbar,LPTQ KALBAR,0,0,0,39,Biro ADPIM SETDA Provinsi Kalbar,lptqprovkalbar@gmail.com,https://www.lptqkalbar.or.id/,
100,id.go.kalbarprov.distan.gofarm,GOFARM KALBAR,0,0,0,15,Pemerintah Provinsi Kalimantan Barat,tahanpangan@kalbarprov.go.id,https://distan.kalbarprov.go.id/,
101,com.kalbarprov.sikedip,SIKEDIP KALBAR Ver.2.0,0,0,0,18,KalbarProv,ppid@kalbarprov.go.id,https://sikedip.kalbarprov.go.id/depan,
102,com.app.labkeskalbar,UPT Labkes Kalbar,0,0,0,13,Citra Waras Developer,uptlabbkeskalbar@gmail.com,https://uptlabkes.kalbarprov.go.id/,
103,terbit.umum.main,Terbit Kalbar,0,0,0,3,Pemerintah Provinsi Kalimantan Barat,dishub@kalbarprov.go.id,https://dishub.kalbarprov.go.id,
104,com.alphasoft.esignature,eSignature Diskominfo Prov Kalsel,0,0,0,38,SATRIYADI SOFT,wisnu@satriyadi.com,http://satriyadi.com,"Apr 9, 2020"
105,go.id.simapan.kalsel,SIMAPAN PERIZINAN KALIMANTAN SELATAN,5,5,3,155,Alfiys.group,dpmptsp.prov.kalsel@gmail.com,,"Nov 10, 2019"
106,com.bakeudaprovkalsel.info_pajak,Bakeuda Prov Kalsel,3.6923077,232,143,31956,BAKEUDAPROV KALSEL,pdp.bakeudaprovkalsel@gmail.com,,
107,go.id.simapan.kalsel,SIMAPAN PERIZINAN KALIMANTAN SELATAN,5,5,3,155,Alfiys.group,dpmptsp.prov.kalsel@gmail.com,,"Nov 10, 2019"
108,com.apps.e_presensi,E-Presensi Bappeda Kalsel,3.8181818,11,8,1513,CV. Aplikasi Karya Anak Banua,bappedakalselprov@gmail.com,,
109,dangsanak.os.webview,Dangsanak,4.783784,37,23,867,Lpmp kalsel,weblpmpkalsel@gmail.com,https://www.dangsanaknew.lpmpkalsel.com,
110,haruna.gi.eumkm,UMKM Kalimantan Tengah,0,0,0,199,Pemerintah Provinsi Kalteng,kaltengprov@gmail.com,,
111,id.go.kaltengprov.kalteng.mobile.ekoperasi,Kalteng Mobile New,0,0,0,3,Pemerintah Provinsi Kalteng,kaltengprov@gmail.com,https://kalteng.go.id/,
112,infomed.pariwisata,Pariwisata Kalteng New,0,0,0,29,Pemerintah Provinsi Kalteng,kaltengprov@gmail.com,,
113,com.harunagimmc,MMC KALTENG NEW,0,0,0,65,Pemerintah Provinsi Kalteng,kaltengprov@gmail.com,,
114,haruna.gi.sppd,SPPD Mobile,0,0,0,14,Pemerintah Provinsi Kalteng,kaltengprov@gmail.com,,
115,id.co.inf.skp_kalteng,SKP Kalteng,4.571429,7,5,258,inf,dimarahin@gmail.com,http://inf.co.id,
116,com.greennusa.ppidmobile,PPID Kaltim,0,0,0,106,PPID  PROVINSI KALIMANTAN TIMUR,ppid@kaltimprov.go.id,http://ppid.kaltimprov.go.id/,"Sep 16, 2019"
117,com.greennusa.ppidmobile,PPID Kaltim,0,0,0,106,PPID  PROVINSI KALIMANTAN TIMUR,ppid@kaltimprov.go.id,http://ppid.kaltimprov.go.id/,"Sep 16, 2019"
118,com.greennusa.KaltimBelajar,Kaltim Belajar,0,0,0,183,PPID  PROVINSI KALIMANTAN TIMUR,diskominfo@kaltimprov.go.id,,"Jun 25, 2019"
119,com.sip.kaltim,SIP Prov. Kaltim,4.3333335,9,5,219,DISPERINDAGKOP dan UMKM Prov. Kalimantan Timur,indagkopsipkaltim@gmail.com,http://sip-kaltim.id,
120,com.rsud.tarakankaltarav2,RSUD Tarakan Kaltara Mobile V2,5,5,1,954,RSUD Tarakan Kalimantan Utara,rsudtarakan.kaltara@gmail.com,https://rsudtarakan.kaltaraprov.go.id,"Jul 27, 2021"
121,bprrd.kaltaraprov.samsatku,eSAMSAT Kalimantan Utara,4.432836,67,31,12738,BPPRD Prov. Kalimantan Utara,ITDevelopment@bpprdku.net,,
122,com.rsud.tarakankaltarav2,RSUD Tarakan Kaltara Mobile V2,5,5,1,954,RSUD Tarakan Kalimantan Utara,rsudtarakan.kaltara@gmail.com,https://rsudtarakan.kaltaraprov.go.id,"Jul 27, 2021"
123,com.betalphi.disdukcapilkaltara,DISDUKCAPIL KALTARA,3.909091,22,17,1185,DISDUKCAPIL KALTARA,disdukcapilkaltaradev@gmail.com,http://disdukcapil.kaltaraprov.go.id,
124,id.kaltaraprov.pesonabisa,PESONA BISA KALTARA,0,0,0,28,Alfiys.group,dpmptsp.provkaltara@gmail.com,https://dpmptsp.kaltaraprov.go.id/,"Oct 22, 2020"
125,com.logiccommunity.jdihkaltara,JDIH Kaltara,0,0,0,68,Logic Community,muhammadismail.7490@gmail.com,http://portofolio.logiccommunity.com/,
126,com.app.kaltaraprov,SIMPELPRO Kaltara,0,0,0,11,Amanah Kreasi Benuanta,protokol@kaltaraprov.go.id,,
127,com.pengaduandprdkaltara.app,Pengaduan DPRD Kaltara,5,5,4,15,Garuda Merah Dev,pengaduandprdkaltara@gmail.com,http://pengaduandprdkaltara.com/,
128,com.cleova.android.dlhkkepri,DLHKKEPRI -Dinas Lingkungan Hidup& Kehutanan KEPRI,0,0,0,319,CLEOVA DEV,dlhk.provkepri@gmail.com,https://dlhk.kepriprov.go.id,"Nov 17, 2018"
129,com.fingerfastlab.biadminsantun,BI SANTUN ADMIN,4,12,4,561,KPw Bank Indonesia Provinsi Kepulauan Riau,admin@santun.id,http://santun.id,"Sep 4, 2017"
130,com.sip.budgeting,SIKMA Kepri,0,0,0,17,IKM Disperindag,ikmdisperindag@gmail.com,https://ikm-disperindag.kepriprov.go.id/,"Jun 10, 2020"
131,esamsat.kepri,ESamsat KEPRI,3.94,299,175,71574,BP2RD Kepulauan Riau,bp2rdkepri@gmail.com,http://dispenda.kepriprov.go.id,"Sep 9, 2018"
132,ppdb.kepri,PPDB KEPRI,4.7647057,17,5,1797,IndoMedia,bankabu@gmail.com,,"Jun 24, 2021"
133,esamsat.kepri,ESamsat KEPRI,3.94,299,175,71574,BP2RD Kepulauan Riau,bp2rdkepri@gmail.com,http://dispenda.kepriprov.go.id,"Sep 9, 2018"
134,com.blondev.jdihlampung,JDIH Provinsi Lampung,0,0,0,92,Biro Hukum Setda Provinsi Lampung,blondevdotco@gmail.com,http://jdih.lampungprov.go.id,"May 8, 2020"
135,com.diskominfotik.ppidmobile,PPID Lampung,0,0,0,18,Pemerintah Provinsi Lampung,pemerintahprovinsilampung@gmail.com,https://ppid.lampungprov.go.id,"Jun 1, 2021"
136,com.disperindag.sigap,SIGAP - Sistem Informasi Harga Pasar Lampung,4.6153846,13,10,251,Pemerintah Provinsi Lampung,pemerintahprovinsilampung@gmail.com,https://disperindag.lampungprov.go.id/,"Nov 23, 2020"
137,com.sikam.app,SIKAM,4.611111,18,12,145,Pemerintah Provinsi Lampung,pemerintahprovinsilampung@gmail.com,http://lampungprov.go.id,"May 4, 2020"
138,home.btn.gun.absensi,Absensi Pegawai Provinsi Lampung,0,0,0,212,Guntur Kurniawan,guntur.kurniawan@gmail.com,,"Jun 13, 2019"
139,org.hayyahteam.jdih.app,JDIH Sekwan Lampung,0,0,0,17,alhayyah squad,Alhayyahsquad@gmail.com,,"Aug 2, 2020"
140,com.diskominfotik.ppidmobile,PPID Lampung,0,0,0,18,Pemerintah Provinsi Lampung,pemerintahprovinsilampung@gmail.com,https://ppid.lampungprov.go.id,"Jun 1, 2021"
141,com.disperindag.sigap,SIGAP - Sistem Informasi Harga Pasar Lampung,4.6153846,13,10,251,Pemerintah Provinsi Lampung,pemerintahprovinsilampung@gmail.com,https://disperindag.lampungprov.go.id/,"Nov 23, 2020"
142,com.sikam.app,SIKAM,4.611111,18,12,145,Pemerintah Provinsi Lampung,pemerintahprovinsilampung@gmail.com,http://lampungprov.go.id,"May 4, 2020"
143,com.apps2u.rsudntb,RSUD Provinsi NTB,0,0,0,495,apps2u.id,apps2u.id@gmail.com,http://www.apps2u.id,"Oct 11, 2018"
144,com.radio.nusa.tenggara,Radio Nusa Tenggara,0,0,0,27,YOYOG APP,hanya30april@gmail.com,https://m4378b070.app-ads-txt.com/app-ads.txt,"Feb 11, 2021"
145,com.rsudprovntb.rsudprovntb,RSUD Prov NTB,0,0,0,843,Compro Innova Solution,gst.mtrm@gmail.com,http://rsud.ntbprov.go.id/,"Sep 23, 2019"
146,id.go.ntbprov.agendapimpinan.agendapimpinan,Agenda Pimpinan NTB,0,0,0,21,"Dinas Komunikasi, Informatika dan Statistik NTB",diskominfotikntb@gmail.com,https://diskominfotik.ntbprov.go.id/,"Apr 15, 2019"
147,id.go.ntbprov.diskominfotik.sdgswebview,SDGs NTB,4.3333335,6,3,399,"Dinas Komunikasi, Informatika dan Statistik NTB",diskominfotikntb@gmail.com,https://sdgs.bappeda.ntbprov.go.id,"Nov 20, 2018"
148,id.go.ntbprov.diskominfotik.siagantb,Siaga NTB,4.6,10,5,229,"Dinas Komunikasi, Informatika dan Statistik NTB",diskominfotikntb@gmail.com,,"Jul 27, 2020"
149,id.go.ntbprov.ppidntb.ppidntb,PPID NTB,0,0,0,71,"Dinas Komunikasi, Informatika dan Statistik NTB",diskominfotikntb@gmail.com,,"Aug 26, 2019"
150,ntt.bps.namberwan.allstatntt,Indikator Strategis BPS NTT,4.95,20,13,357,BPS Provinsi Nusa Tenggara Timur,ihpedees@gmail.com,https://ntt.bps.go.id/,"Jan 15, 2019"
151,id.go.ntbprov.ppidntb.ppidntb,PPID NTB,0,0,0,71,"Dinas Komunikasi, Informatika dan Statistik NTB",diskominfotikntb@gmail.com,,"Aug 26, 2019"
152,id.go.ntbprov.diskominfotik.siagantb,Siaga NTB,4.6,10,5,229,"Dinas Komunikasi, Informatika dan Statistik NTB",diskominfotikntb@gmail.com,,"Jul 27, 2020"
153,id.go.ntbprov.ddss,DDSS Mobile,0,0,0,82,"Dinas Komunikasi, Informatika dan Statistik NTB",diskominfotikntb@gmail.com,https://ddss.ntbprov.go.id/,"Oct 11, 2020"
154,id.go.ntbprov.diskominfotik.sdgswebview,SDGs NTB,4.3333335,6,3,399,"Dinas Komunikasi, Informatika dan Statistik NTB",diskominfotikntb@gmail.com,https://sdgs.bappeda.ntbprov.go.id,"Nov 20, 2018"
155,id.go.ntbprov.agendapimpinan.agendapimpinan,Agenda Pimpinan NTB,0,0,0,21,"Dinas Komunikasi, Informatika dan Statistik NTB",diskominfotikntb@gmail.com,https://diskominfotik.ntbprov.go.id/,"Apr 15, 2019"
156,com.bpadntt.petugassamsatt,Petugas Samsat NTT,0,0,0,98,BAPENDA NTT,infosamsatntt@gmail.com,https://bpad.nttprov.go.id/,"Jun 18, 2021"
157,com.bpadntt.petugassamsatt,Petugas Samsat NTT,0,0,0,98,BAPENDA NTT,infosamsatntt@gmail.com,https://bpad.nttprov.go.id/,"Jun 18, 2021"
158,id.go.papua.absensi,ePresensi Papua,4.7,159,67,10918,Global Intermedia,service@papua.go.id,https://absensi.papua.go.id,"Apr 7, 2019"
159,id.go.papua.egov,e-Government Provinsi Papua,5,5,0,1015,Global Intermedia,service@papua.go.id,https://papua.go.id,"Apr 7, 2019"
160,id.go.papua.ppidpapua,PPID Provinsi Papua,0,0,0,277,Global Intermedia,ppid@papua.go.id,https://ppid.papua.go.id,"Sep 16, 2019"
161,id.go.papua.tp2k,TP2K Provinsi Papua,0,0,0,192,Global Intermedia,service@papua.go.id,https://tp2k.papua.go.id,"Apr 7, 2019"
162,com.dalakriau.ricdpmptspriau,RIC DPMPTSP Provinsi Riau,5,9,9,66,RIC DPMPTSP Provinsi Riau,dpmptsp@riau.go.id,http://ric.dpmptsp.riau.go.id,"Dec 31, 2019"
163,com.jdih.provinsiriau,JDIH Provinsi Riau,4.2,20,15,217,Biro Hukum Setda Provinsi Riau,jdih@riau.go.id,https://jdih.riau.go.id,"Sep 4, 2019"
164,com.rspb.edp.sikepo,Sikepo,4.75,12,8,383,EDP RSUD Petala Bumi Provinsi Riau,rsudpetalabumi@riau.go.id,https://rsudpetalabumi.riau.go.id,"Jun 17, 2019"
165,com.rspb.edp.sitaro2,Sitaro,0,0,0,89,EDP RSUD Petala Bumi Provinsi Riau,untukedp@gmail.com,http://simrs.rsudpetalabumi.riau.go.id:8080/sitaro,"Jun 29, 2020"
166,com.wRiauCreativeCentre_8751361,Riau Creative Centre RCC,0,0,0,32,Dinas Pariwisata Provinsi Riau,rcc.disparriau@gmail.com,http://riaucreativecentre.riau.go.id,"Mar 21, 2019"
167,trj.absendishub,Sistem Absensi Berbasis Android (SIBISA),0,0,0,161,DPMPTSP Provinsi Riau,dpmptsp@riau.go.id,,"Dec 15, 2020"
168,com.jdih.provinsiriau,JDIH Provinsi Riau,4.2,20,15,217,Biro Hukum Setda Provinsi Riau,jdih@riau.go.id,https://jdih.riau.go.id,"Sep 4, 2019"
169,com.dalakriau.ricdpmptspriau,RIC DPMPTSP Provinsi Riau,5,9,9,66,RIC DPMPTSP Provinsi Riau,dpmptsp@riau.go.id,http://ric.dpmptsp.riau.go.id,"Dec 31, 2019"
170,com.jemari.provinsiriau,Jemari - Jendela Informasi Pariwisata Riau,3.9230769,13,7,247,Dinas Pariwisata Provinsi Riau,rcc.disparriau@gmail.com,https://jemari.riau.go.id,"Feb 12, 2021"
171,trj.absendishub,Sistem Absensi Berbasis Android (SIBISA),0,0,0,161,DPMPTSP Provinsi Riau,dpmptsp@riau.go.id,,"Dec 15, 2020"
172,com.wRiauCreativeCentre_8751361,Riau Creative Centre RCC,0,0,0,32,Dinas Pariwisata Provinsi Riau,rcc.disparriau@gmail.com,http://riaucreativecentre.riau.go.id,"Mar 21, 2019"
173,id.go.sulbarprov.distan.spdpt,SPDPT Distan Sulbar,0,0,0,60,Dinas Pertanian Provinsi Sulawesi Barat,mul.agritech@gmail.com,https://capi.stis.ac.id,"Nov 25, 2017"
174,sulbar.bps.brs,BRS Sulawesi Barat,4.962963,27,20,124,BPS Provinsi Sulawesi Barat,kasiful.aprianto@bps.go.id,http://sulbar.bps.go.id,"Jun 17, 2019"
175,com.thp.covid19,PaPa Sulbar - Pantau Pandemi Sulawesi Barat,4.549296,71,39,2132,Pemerintah Provinsi Sulawesi Barat,kominfo@sulbarprov.go.id,http://kominfo.sulbarprov.go.id,
176,com.thp.padi,Padi - Portal Data Industri,0,0,0,27,Pemerintah Provinsi Sulawesi Barat,kominfo@sulbarprov.go.id,https://kominfo.sulbarprov.go.id,
177,com.thp.pupr,SIPEMIMPIN,0,0,0,28,Pemerintah Provinsi Sulawesi Barat,kominfo@sulbarprov.go.id,,
178,com.rsud.app,RSUD-Prov.Sulbar,4.8,5,3,160,Pemerintah Provinsi Sulawesi Barat,rsud@sulbarprov.go.id,https://rsud.sulbarprov.go.id,
179,com.thp.pamsulbar,PAM-SULBAR,0,0,0,21,Pemerintah Provinsi Sulawesi Barat,kominfo@sulbarprov.go.id,https://kominfo.sulbarprov.go.id,
180,com.thp.boyangaspirasi,Boyang Aspirasi Prov. Sulbar,0,0,0,32,Pemerintah Provinsi Sulawesi Barat,kominfo@sulbarprov.go.id,http://kominfo.sulbarprov.go.id,
181,id.go.sulbarprov.distan.spdpt,SPDPT Distan Sulbar,0,0,0,60,Dinas Pertanian Provinsi Sulawesi Barat,mul.agritech@gmail.com,https://capi.stis.ac.id,"Nov 25, 2017"
182,com.disdukcapildaldukkbsulsel.disdukcapildaldukkbsulsel,Disdukcapil Dalduk KB Sulsel,0,0,0,129,Compro Innova Solution,dyahlistiana2017@gmail.com,,"Aug 6, 2019"
183,com.kumaladev.latippa,LATIPPA Sulsel,0,0,0,9,KumalaDev,fadli.kumala@gmail.com,http://latippa.com,"Apr 11, 2019"
184,com.siritta.sulsel.prov,SIRITTA Prov.Sulawesi Selatan Ver.2,4.571429,7,1,514,FutuRis Model,putuwahyuappleid87@gmail.com,https://eplanning.sulselprov.go.id,"May 13, 2019"
185,id.go.sulselprov.anak,ArsipNA Keluarga SULSEL,0,0,0,69,Pemerintah Provinsi Sulawesi Selatan,egov.datacenter@gmail.com,,"Nov 5, 2020"
186,id.go.sulselprov.baper,Baruga Sulsel,4.3394494,159,61,7458,Pemerintah Provinsi Sulawesi Selatan,barugasulsel@gmail.com,http://baruga.sulselprov.go.id,"Oct 9, 2018"
187,id.go.sulselprov.baruga.barugamonitoring,Baruga Monitoring,0,0,0,55,Pemerintah Provinsi Sulawesi Selatan,baruga@sulselprov.go.id,https://baruga.sulselprov.go.id/,"Aug 20, 2019"
188,id.go.sulselprov.data,Open Data Prov. Sulsel,0,0,0,75,Pemerintah Provinsi Sulawesi Selatan,barugasulsel@gmail.com,https://data.sulselprov.go.id,"Oct 17, 2020"
189,id.go.sulselprov.simap,Simap Sulsel,0,0,0,5,Pemerintah Provinsi Sulawesi Selatan,egov.datacenter@gmail.com,https://simap-new.sulselprov.go.id,"Jul 27, 2021"
190,id.go.sulselprov.smartoffice,SmartOffice Prov. Sulsel,4.80198,258,85,10499,Pemerintah Provinsi Sulawesi Selatan,diskominfo@sulselprov.go.id,https://smartoffice.sulselprov.go.id,"Jun 25, 2019"
191,id.go.sulselprov.smartoffice,SmartOffice Prov. Sulsel,4.80198,258,85,10499,Pemerintah Provinsi Sulawesi Selatan,diskominfo@sulselprov.go.id,https://smartoffice.sulselprov.go.id,"Jun 25, 2019"
192,id.go.sulselprov.baper,Baruga Sulsel,4.3394494,159,61,7458,Pemerintah Provinsi Sulawesi Selatan,barugasulsel@gmail.com,http://baruga.sulselprov.go.id,"Oct 9, 2018"
193,id.go.sulselprov.simap,Simap Sulsel,0,0,0,5,Pemerintah Provinsi Sulawesi Selatan,egov.datacenter@gmail.com,https://simap-new.sulselprov.go.id,"Jul 27, 2021"
194,id.go.sulselprov.anak,ArsipNA Keluarga SULSEL,0,0,0,69,Pemerintah Provinsi Sulawesi Selatan,egov.datacenter@gmail.com,,"Nov 5, 2020"
195,id.go.sulselprov.data,Open Data Prov. Sulsel,0,0,0,75,Pemerintah Provinsi Sulawesi Selatan,barugasulsel@gmail.com,https://data.sulselprov.go.id,"Oct 17, 2020"
196,id.go.sulselprov.baruga.barugamonitoring,Baruga Monitoring,0,0,0,55,Pemerintah Provinsi Sulawesi Selatan,baruga@sulselprov.go.id,https://baruga.sulselprov.go.id/,"Aug 20, 2019"
197,com.disdukcapildaldukkbsulsel.disdukcapildaldukkbsulsel,Disdukcapil Dalduk KB Sulsel,0,0,0,129,Compro Innova Solution,dyahlistiana2017@gmail.com,,"Aug 6, 2019"
198,id.co.linyjayainformatika.easpirasiapp,eAspirasi DPRD SulSel,0,0,0,40,Egov Aplikasi LJI,office@linyjayainformatika.co.id,https://linyjayainformatika.co.id/,
199,id.co.linyjayainformatika.absensirapat,Smart Absen Rapat DPRD Prov. Sulawesi Selatan,0,0,0,0,Egov Aplikasi LJI,office@linyjayainformatika.co.id,https://linyjayainformatika.co.id/,
200,id.co.linyjayainformatika.smartabsensi,Absensi Sek.DPRD SulSel,0,0,0,117,Egov Aplikasi LJI,egoveaplikasi@gmail.com,https://linyjayainformatika.co.id/,
201,com.saberpunglisulsel.app,Saber Pungli SulSel,0,0,0,78,M.A.N,satgassaberpungli.sulselprov@gmail.com,https://saberpungli.sulselprov.go.id/,
202,com.sikudasulsel.sikuda,SIKUDA - Komoditas Sulsel,0,0,0,26,KumalaDev,fadli.kumala@gmail.com,http://sikudasulsel.com,"Oct 3, 2019"
203,com.kumaladev.latippa,LATIPPA Sulsel,0,0,0,9,KumalaDev,fadli.kumala@gmail.com,http://latippa.com,"Apr 11, 2019"
204,com.sigasulsel.siga,SIGA Sulsel,0,0,0,9,KumalaDev,fadli.kumala@gmail.com,http://dp3a.sulselprov.go.id/siga,
205,com.wPPIDBawasluSulteng_12752112,PPID Bawaslu Sulteng,0,0,0,14,Humdatin Bawaslu Sulteng,bawaslu.sulteng@gmail.com,https://ppid.sulteng.bawaslu.go.id/,"Dec 6, 2020"
206,com.bapendasulteng.samsatpublic,SAMSAT SULTENG,4.48,148,91,13629,Lombok App,bapendaprovsulteng@gmail.com,http://www.dispenda.sultengprov.go.id,
207,androidsiapgarda.sultengprov.com,Siapgarda Sulteng,4.428571,7,3,170,santi bensproduction,siapgarda@gmail.com,http://siapgarda.provsulteng.com,
208,com.technosstudio.e_office_mobile,E-OFFICE SULTRA,0,0,0,8,Techno's Studio,technos.studio@gmail.com,http://office.sultraprov.go.id,"Apr 29, 2021"
209,com.alfasigmainformatika.DprdSulawesiTenggara,DPRD PROVINSI SULAWESI TENGGARA,5,5,0,118,Alfa Sigma Informatika,alfasigmainformatika@gmail.com,http://dprd.sultraprov.go.id,
210,com.alfasigmainformatika.JdihSulawesiTenggara,JDIH PROVINSI SULAWESI TENGGARA,0,0,0,90,Alfa Sigma Informatika,jdih@sultraprov.go.id,http://jdih.sultraprov.go.id,
211,com.bs.info_pajak,IP SULTRA,4.5641026,39,25,3558,Bapenda_sultra,ppsipbapendasultra@gmail.com,,
212,com.disparda.northsulawesitourism,North Sulawesi Tourism,0,0,0,67,VD'sign Tech,support@v-design.web.id,https://www.v-design.web.id,"Apr 23, 2020"
213,com.ipds.sulut,SIPEDAS Mantap!,4.9310346,29,14,912,BPS Provinsi Sulawesi Utara,arifhandoyo@bps.go.id,http://sulut.bps.go.id,"Mar 20, 2018"
214,com.eabsen.mobile,Absensi Pemprov Sulut,4.754717,53,19,5116,BKD Provinsi Sulawesi Utara,bkd.sulut@gmail.com,https://bkd.sulutprov.go.id,
215,sulutprov.bkd.apps,BKD Prov Sulut Digital,4.736842,19,7,2544,BKD Provinsi Sulawesi Utara,bkd.sulut@gmail.com,https://bkd.sulutprov.go.id/,
216,com.Info.Info,Info Pajak Kendaraan Sulut,4.4578314,1666,639,185910,Bapenda Prov. Sulut,bapenda.sulutprov@gmail.com,http://dispenda.sulutprov.go.id,
217,com.disparda.northsulawesitourism,North Sulawesi Tourism,0,0,0,67,VD'sign Tech,support@v-design.web.id,https://www.v-design.web.id,"Apr 23, 2020"
218,com.diskominfo.alsintanmobile,Alsintan Sumbar,0,0,0,157,Diskominfo Sumbar,diskominfo@sumbarprov.go.id,http://alsintan.pertanian.sumbarprov.go.id/,"Sep 15, 2019"
219,com.diskominfo.sumbar.asik,Asik Sumbar,0,0,0,57,Diskominfo Sumbar,diskominfo@sumbarprov.go.id,http://diskominfo.sumbarprov.go.id,"Sep 10, 2019"
220,com.diskominfo.sumbar.gemanagari,Gema Nagari Sumbar,0,0,0,24,Diskominfo Sumbar,diskop@sumbarprov.go.id,http://diskopukm.sumbarprov.go.id/,"Feb 11, 2020"
221,com.diskominfo.sumbar.silaharmobile,Silahar Sumbar,0,0,0,94,Diskominfo Sumbar,diskominfo@sumbarprov.go.id,http://diskominfo.sumbarprov.go.id,"Mar 25, 2020"
222,com.diskominfo.sumbar.silopeli,Inlovest Sumbar,0,0,0,71,Diskominfo Sumbar,diskominfo@sumbarprov.go.id,https://dpmptsp.sumbarprov.go.id/,"Sep 17, 2020"
223,com.diskominfo.sumbar.sipantau,Sipantau Sumbar,0,0,0,397,Diskominfo Sumbar,diskominfo@sumbarprov.go.id,http://diskominfo.sumbarprov.go.id,"Apr 7, 2020"
224,com.diskominfo.sumbar.sumbartv,Sumbar Hub,0,0,0,191,Diskominfo Sumbar,diskominfosumbar.dev@gmail.com,https://badanpenghubung.sumbarprov.go.id/,"Oct 23, 2019"
225,com.diskominfosumbar.dashboardegov,Dashboard Sumbar,4.571429,7,5,321,Diskominfo Sumbar,diskominfo@sumbarprov.go.id,http://egov.sumbarprov.go.id/,"Jul 18, 2019"
226,com.esign.monajuwitas.suratapl,E-Sign Sumbar,4.4871793,39,20,1382,Diskominfo Sumbar,diskominfo@sumbarprov.go.id,http://diskominfo.sumbarprov.go.id,"Jul 10, 2019"
227,com.kominfo.simaya,Surek Sumbar,4.9375,16,5,744,Diskominfo Sumbar,diskominfo@sumbarprov.go.id,http://diskominfo.sumbarprov.go.id,"Jun 11, 2019"
228,com.surya.diskominfosumbar.onsmart,OnSMART,5,6,5,169,Diskominfo Sumbar,diskominfo@sumbarprov.go.id,http://diskominfo.sumbarprov.go.id,"Jul 15, 2019"
229,id.go.sumbarprov.bkeuda.esamsatsumbar,e-Samsat Sumbar,3.63,143,74,23858,B.Keuda Prov. Sumbar,nefo424@gmail.com,https://dpkd.sumbarprov.go.id,"Mar 11, 2020"
230,id.rmolsumbar.app,RMOL SUMBAR - Situasi Terkini Sumatera Barat,0,0,0,32,r-tech.io,cs@rmolsumbar.id,https://rmolsumbar.id,"Jan 13, 2020"
231,prov.sumbar.sppdsumbar,E-SPPD Provinsi Sumatera Barat,4.285714,7,1,512,Pemerintah Kota Payakumbuh,monahelissa@gmail.com,http://e-sppd.sumbarprov.go.id,"Nov 18, 2018"
232,com.surya.diskominfosumbar.onsmart,OnSMART,5,6,5,169,Diskominfo Sumbar,diskominfo@sumbarprov.go.id,http://diskominfo.sumbarprov.go.id,"Jul 15, 2019"
233,id.go.sumbarprov.bkeuda.esamsatsumbar,e-Samsat Sumbar,3.63,143,74,23858,B.Keuda Prov. Sumbar,nefo424@gmail.com,https://dpkd.sumbarprov.go.id,"Mar 11, 2020"
234,com.kominfo.simaya,Surek Sumbar,4.9375,16,5,744,Diskominfo Sumbar,diskominfo@sumbarprov.go.id,http://diskominfo.sumbarprov.go.id,"Jun 11, 2019"
235,com.diskominfosumbar.dashboardegov,Dashboard Sumbar,4.571429,7,5,321,Diskominfo Sumbar,diskominfo@sumbarprov.go.id,http://egov.sumbarprov.go.id/,"Jul 18, 2019"
236,com.diskominfo.sumbar.silaharmobile,Silahar Sumbar,0,0,0,94,Diskominfo Sumbar,diskominfo@sumbarprov.go.id,http://diskominfo.sumbarprov.go.id,"Mar 25, 2020"
237,com.diskominfo.sumbar.silopeli,Inlovest Sumbar,0,0,0,71,Diskominfo Sumbar,diskominfo@sumbarprov.go.id,https://dpmptsp.sumbarprov.go.id/,"Sep 17, 2020"
238,com.diskominfo.sumbar.sumbartv,Sumbar Hub,0,0,0,191,Diskominfo Sumbar,diskominfosumbar.dev@gmail.com,https://badanpenghubung.sumbarprov.go.id/,"Oct 23, 2019"
239,com.esign.monajuwitas.suratapl,E-Sign Sumbar,4.4871793,39,20,1382,Diskominfo Sumbar,diskominfo@sumbarprov.go.id,http://diskominfo.sumbarprov.go.id,"Jul 10, 2019"
240,com.diskominfo.alsintanmobile,Alsintan Sumbar,0,0,0,157,Diskominfo Sumbar,diskominfo@sumbarprov.go.id,http://alsintan.pertanian.sumbarprov.go.id/,"Sep 15, 2019"
241,com.diskominfo.sumbar.gemanagari,Gema Nagari Sumbar,0,0,0,24,Diskominfo Sumbar,diskop@sumbarprov.go.id,http://diskopukm.sumbarprov.go.id/,"Feb 11, 2020"
242,com.diskominfo.sumbar.asik,Asik Sumbar,0,0,0,57,Diskominfo Sumbar,diskominfo@sumbarprov.go.id,http://diskominfo.sumbarprov.go.id,"Sep 10, 2019"
243,com.surya.diskominfo.kubedprd,Kube DPRD,0,0,0,53,Diskominfo Sumbar,diskominfo@sumbarprov.go.id,http://diskominfo.sumbarprov.go.id,"Sep 10, 2019"
244,com.surya.diskominfo.gunatanahku,Guna Tanahku,0,0,0,39,Diskominfo Sumbar,diskominfo@sumbarprov.go.id,https://sumbarprov.go.id,"Mar 4, 2020"
245,com.diskominfo.sumbar.sipantau,Sipantau Sumbar,0,0,0,397,Diskominfo Sumbar,diskominfo@sumbarprov.go.id,http://diskominfo.sumbarprov.go.id,"Apr 7, 2020"
246,com.surya.kominfosumbar.mtqnasional,Info MTQ Sumbar,4.825,80,37,6785,Diskominfo Sumbar,diskominfo@sumbarprov.go.id,https://mtq28.sumbarprov.go.id/,"Nov 9, 2020"
247,com.dapobud.sumsel.app,DAPOBUD Sumsel,4.25,12,5,1390,CyDev,leo@cydev.co.id,https://cydev.co.id/,"Nov 21, 2019"
248,com.digitalfusi.lpsesumselmonitor,LPSE Sumsel Monitor,0,0,0,211,Difu Kreasi,difukreasi@gmail.com,http://kreasi.digitalfusi.com,"Oct 3, 2015"
249,io.gitlab.ramadhansutejo.humassumselmobile,Humas Sumsel Mobile,0,0,0,16,CV. Global Pelita Mandiri,sumsel@sumselprov.go.id,http://humas.sumselprov.go.id,"Oct 19, 2019"
250,com.sumsel.app,Exotica South Sumatra,0,0,0,28,Dinas Kebudayaan dan Pariwisata Sumatra Selatan,sumsel.developer@gmail.com,http://southsumatratourism.com/,"Feb 12, 2018"
251,rsud.siti_fatimah.pendaftaran,RSUD SITI FATIMAH SIM RS,0,0,0,0,IT RSUD Siti Fatimah Prov Sumsel,itrsudprovsumsel@gmail.com,http://rsud.sumselprov.go.id/,"Aug 8, 2021"
252,sumut.smart.ssp,Sumut Smart Province,3.7692308,13,10,618,Dinas Komunikasi dan Informatika Provsu,smartprovince@sumutprov.go.id,http://smartprovince.sumutprov.go.id/,"Sep 6, 2020"
253,id.go.sumutprov.asn.e_absensi,E-Absensi ASN Sumut,4.5283017,1795,587,38956,Diskominfo Sumatera Utara,kominfo.egov.sumut@gmail.com,http://diskominfo.sumutprov.go.id,
254,sumut.smart.ssp,Sumut Smart Province,3.7692308,13,10,618,Dinas Komunikasi dan Informatika Provsu,smartprovince@sumutprov.go.id,http://smartprovince.sumutprov.go.id/,"Sep 6, 2020"
255,id.go.jogjaprov.eoffice,E-Office Pemda DIY,0,0,0,161,Pemda DIY,mail@jogjaprov.go.id,http://kantor.jogjaprov.go.id/,"Jul 16, 2019"
256,id.go.jogjaprov.jogjaistimewa,Jogja Istimewa,4.152174,1837,880,139598,Pemda DIY,diskominfo@jogjaprov.go.id,http://jogjaprov.go.id,"Sep 13, 2015"
257,mam.reader.ijogja,iJogja,3.91,370,200,29149,DPAD Daerah Istimewa Yogyakarta,dpad@jogjaprov.go.id,http://dpad.jogjaprov.go.id,"Aug 2, 2016"
258,id.go.jogjaprov.jogjaistimewa,Jogja Istimewa,4.152174,1837,880,139598,Pemda DIY,diskominfo@jogjaprov.go.id,http://jogjaprov.go.id,"Sep 13, 2015"
259,mam.reader.ijogja,iJogja,3.91,370,200,29149,DPAD Daerah Istimewa Yogyakarta,dpad@jogjaprov.go.id,http://dpad.jogjaprov.go.id,"Aug 2, 2016"
260,id.go.jogjaprov.eoffice,E-Office Pemda DIY,0,0,0,161,Pemda DIY,mail@jogjaprov.go.id,http://kantor.jogjaprov.go.id/,"Jul 16, 2019"
261,com.visitingjogja,Visiting Jogja,4.792079,116,69,21417,Dinas Pariwisata DIY,dispar@visitingjogja.com,https://visitingjogja.com,
262,dev.atsoft.mobile_presence,e-Prima,3.5049505,220,124,13435,Pemda DIY,bkd@jogjaprov.go.id,http://bkd.jogjaprov.go.id,
263,io.jmc.elapordiy,E-LAPOR DIY,3.75,60,37,3992,Pemda DIY,bidangmi.kominfo@gmail.com,http://lapor.jogjaprov.go.id/,
264,com.radikko.aldrien.jsonvalley,infopkbdiy,2.6764705,701,429,140436,dppka dev,zencky79@gmail.com,http://infonjkbdiy.com,"Sep 14, 2018"
265,id.go.jogjaprov.siga,SIGA DIY Mobile,5,16,12,450,DP3AP2 DIY,digsa.dp3ap2diy@gmail.com,,
266,org.btkpdiy.lumbungbudayajogja,Lumbung Budaya Jogja,4.3333335,36,15,1870,Balai Tekkomdik Dinas Dikpora DIY,btkpyogyakarta@gmail.com,http://www.btkp-diy.or.id,"Sep 9, 2015"
267,com.Quack.BinaWicaraV2,Bina Wicara Ver2.0,4.1,20,8,3882,Balai Tekkomdik Dinas Dikpora DIY,btkpyogyakarta@gmail.com,http://www.btkp-diy.or.id,
268,com.ebook.penyerta.Tunagrahita,ABK Tunagrahita,0,0,0,92,Balai Tekkomdik Dinas Dikpora DIY,btkpyogyakarta@gmail.com,http://www.btkp-diy.or.id,
269,com.ebook.penyerta.Autisme2,ABK Autis,0,0,0,440,Balai Tekkomdik Dinas Dikpora DIY,btkpyogyakarta@gmail.com,http://www.btkp-diy.or.id,
270,com.ebook.penyerta.Tunagrahita,ABK Tunagrahita,0,0,0,92,Balai Tekkomdik Dinas Dikpora DIY,btkpyogyakarta@gmail.com,http://www.btkp-diy.or.id,
271,com.ebook.penyerta.Tunadaksa,Tunadaksa - Menggosok Gigi,0,0,0,6,Balai Tekkomdik Dinas Dikpora DIY,btkpyogyakarta@gmail.com,,
272,com.quack.BinaDiri,Bina Diri,0,0,0,62,Balai Tekkomdik Dinas Dikpora DIY,btkpyogyakarta@gmail.com,,
273,id.ahn.wisataedukasi,Wisata Edukasi,4.142857,14,7,855,Balai Tekkomdik Dinas Dikpora DIY,btkpyogyakarta@gmail.com,http://btkp-diy.or.id,
274,com.fa.absensionline.aceh,Absensi Online Aceh,3.7130435,225,103,17690,Dinas Komunikasi Informatika dan Persandian Aceh,fuad.arradhi@gmail.com,https://fuadarradhi.com,
275,com.dsi.LKH_DAI,LKH DAI,3.8214285,28,17,523,Dinas Komunikasi Informatika dan Persandian Aceh,diskominfo@acehprov.go.id,http://acehprov.go.id,
276,aceh.diskominsa.haba,HABA (Halaman Berita Aceh),4.652174,23,12,1170,Dinas Komunikasi Informatika dan Persandian Aceh,edi.sgs@gmail.com,https://haba.acehprov.go.id,
277,aceh.diskominsa.ppid.mobile,PPID Aceh,0,0,0,64,Dinas Komunikasi Informatika dan Persandian Aceh,edi.sgs@gmail.com,https://ppid.acehprov.go.id,
278,com.fa.absensionline.kejatiaceh,Presensi Online Kejaksaan Tinggi Aceh,0,0,0,19,Dinas Komunikasi Informatika dan Persandian Aceh,fuad.arradhi@gmail.com,https://fuadarradhi.com,
279,com.simasamobile,SIMASA,4.6666665,9,7,320,Dinas Komunikasi Informatika dan Persandian Aceh,diskominfosa2018@gmail.com,http://simasa.latih.id,
280,com.babelprov.ppidbabel,PPID Provinsi Kepulauan Bangka Belitung,4.8,10,8,288,Dinas Kominfo Prov. Kep. Bangka Belitung,mr.erman.arif@gmail.com,,
281,id.kubuku.kbk11285c3,ePusda Provinsi Kepulauan Bangka Belitung,0,0,0,467,PT. Enam Kubuku Indonesia,info@kubuku.co.id,http://www.kubuku.co.id,
282,com.sikkepo,SIKKEPO Mobile,4.26,158,62,7047,sikkepo.com,sikkepo.mobile@gmail.com,http://www.sikkepo.com,
